{
  "scenario": "Person_15_15-A",
  "combo": "Head_Position",
  "total_points": 321,
  "clusters": [
    {
      "label": 0,
      "color": "red",
      "center": {
        "x": 0.05382716049382715,
        "y": -0.14452674897119341,
        "z": 1.3153909465020566
      },
      "size": 243,
      "percentage": 75.70093457943925
    },
    {
      "label": 1,
      "color": "blue",
      "center": {
        "x": -0.20960000000000004,
        "y": 0.09906666666666669,
        "z": 1.3263999999999998
      },
      "size": 75,
      "percentage": 23.364485981308412
    },
    {
      "label": 2,
      "color": "green",
      "center": {
        "x": 1.1266666666666667,
        "y": -0.9966666666666667,
        "z": 1.09
      },
      "size": 3,
      "percentage": 0.9345794392523363
    }
  ]
}