{
  "scenario": "Person_8_8-C",
  "combo": "Head_Position",
  "total_points": 167,
  "clusters": [
    {
      "label": 0,
      "color": "red",
      "center": {
        "x": 0.06088607594936704,
        "y": 0.9998734177215189,
        "z": 2.4084810126582274
      },
      "size": 79,
      "percentage": 47.30538922155689
    },
    {
      "label": 1,
      "color": "blue",
      "center": {
        "x": 24.490000000000006,
        "y": -2.767049180327869,
        "z": 2.8191803278688514
      },
      "size": 61,
      "percentage": 36.52694610778443
    },
    {
      "label": 2,
      "color": "green",
      "center": {
        "x": 12.247407407407408,
        "y": -0.8937037037037036,
        "z": 2.355555555555555
      },
      "size": 27,
      "percentage": 16.16766467065868
    }
  ]
}