{
  "scenario": "Person_5_5-A",
  "combo": "Head_Position",
  "total_points": 277,
  "clusters": [
    {
      "label": 0,
      "color": "red",
      "center": {
        "x": 0.09646766169154218,
        "y": -0.393980099502488,
        "z": 1.4420895522388046
      },
      "size": 201,
      "percentage": 72.56317689530685
    },
    {
      "label": 1,
      "color": "blue",
      "center": {
        "x": -0.02142857142857143,
        "y": -0.42964285714285716,
        "z": 1.4032142857142857
      },
      "size": 28,
      "percentage": 10.108303249097473
    },
    {
      "label": 2,
      "color": "green",
      "center": {
        "x": 0.18916666666666668,
        "y": -0.4216666666666667,
        "z": 1.4247916666666665
      },
      "size": 48,
      "percentage": 17.328519855595665
    }
  ]
}