{
  "scenario": "Person_18_18-A",
  "combo": "Head_Position",
  "total_points": 339,
  "clusters": [
    {
      "label": 0,
      "color": "red",
      "center": {
        "x": 0.13728658536585361,
        "y": -0.21356707317073173,
        "z": 1.3412499999999956
      },
      "size": 328,
      "percentage": 96.7551622418879
    },
    {
      "label": 1,
      "color": "blue",
      "center": {
        "x": -0.45999999999999996,
        "y": 1.8800000000000001,
        "z": 1.1900000000000002
      },
      "size": 3,
      "percentage": 0.8849557522123894
    },
    {
      "label": 2,
      "color": "green",
      "center": {
        "x": 0.1875,
        "y": 1.07875,
        "z": 0.96375
      },
      "size": 8,
      "percentage": 2.359882005899705
    }
  ]
}