{
  "scenario": "Person_13_13-B",
  "combo": "Head_Position",
  "total_points": 326,
  "clusters": [
    {
      "label": 0,
      "color": "red",
      "center": {
        "x": 6.343353293413174,
        "y": 30.917425149700616,
        "z": 2.1149101796407184
      },
      "size": 167,
      "percentage": 51.22699386503068
    },
    {
      "label": 1,
      "color": "blue",
      "center": {
        "x": 25.922,
        "y": -3.503538461538461,
        "z": 3.271384615384616
      },
      "size": 65,
      "percentage": 19.938650306748464
    },
    {
      "label": 2,
      "color": "green",
      "center": {
        "x": 0.6930851063829788,
        "y": 1.3332978723404258,
        "z": 2.4546808510638285
      },
      "size": 94,
      "percentage": 28.834355828220858
    }
  ]
}