{
  "scenario": "Person_4_4-C",
  "combo": "Head_Position",
  "total_points": 267,
  "clusters": [
    {
      "label": 0,
      "color": "red",
      "center": {
        "x": 0.010448717948717897,
        "y": 9.550256410256402,
        "z": 0.5481410256410258
      },
      "size": 156,
      "percentage": 58.42696629213483
    },
    {
      "label": 1,
      "color": "blue",
      "center": {
        "x": 0.032380952380952385,
        "y": 0.5390476190476191,
        "z": 0.8871428571428571
      },
      "size": 42,
      "percentage": 15.730337078651685
    },
    {
      "label": 2,
      "color": "green",
      "center": {
        "x": 0.2733333333333333,
        "y": 6.6960869565217385,
        "z": 0.5402898550724636
      },
      "size": 69,
      "percentage": 25.842696629213485
    }
  ]
}