{
  "scenario": "Person_13_13-A",
  "combo": "Head_Position",
  "total_points": 296,
  "clusters": [
    {
      "label": 0,
      "color": "red",
      "center": {
        "x": -0.11325791855203612,
        "y": 0.14941176470588236,
        "z": 1.2674660633484156
      },
      "size": 221,
      "percentage": 74.66216216216216
    },
    {
      "label": 1,
      "color": "blue",
      "center": {
        "x": -0.17926470588235305,
        "y": 0.07102941176470587,
        "z": 1.256911764705883
      },
      "size": 68,
      "percentage": 22.972972972972975
    },
    {
      "label": 2,
      "color": "green",
      "center": {
        "x": -0.4628571428571429,
        "y": 0.45,
        "z": 1.2571428571428573
      },
      "size": 7,
      "percentage": 2.364864864864865
    }
  ]
}