{
  "scenario": "Person_10_10-A",
  "combo": "Head_Position",
  "total_points": 220,
  "clusters": [
    {
      "label": 0,
      "color": "red",
      "center": {
        "x": -0.20844444444444446,
        "y": -0.26822222222222225,
        "z": 1.3591111111111116
      },
      "size": 45,
      "percentage": 20.454545454545457
    },
    {
      "label": 1,
      "color": "blue",
      "center": {
        "x": -0.08385964912280704,
        "y": -0.36052631578947364,
        "z": 1.3621052631578967
      },
      "size": 114,
      "percentage": 51.81818181818182
    },
    {
      "label": 2,
      "color": "green",
      "center": {
        "x": -0.49622950819672124,
        "y": -0.22245901639344265,
        "z": 1.3624590163934425
      },
      "size": 61,
      "percentage": 27.727272727272727
    }
  ]
}