{
  "scenario": "Person_16_16-C",
  "combo": "Head_Position",
  "total_points": 312,
  "clusters": [
    {
      "label": 0,
      "color": "red",
      "center": {
        "x": -1.4192187500000002,
        "y": 31.4909375,
        "z": 3.4185937500000003
      },
      "size": 64,
      "percentage": 20.51282051282051
    },
    {
      "label": 1,
      "color": "blue",
      "center": {
        "x": 1.3145731707317074,
        "y": 4.819390243902441,
        "z": 1.7290243902439018
      },
      "size": 164,
      "percentage": 52.56410256410257
    },
    {
      "label": 2,
      "color": "green",
      "center": {
        "x": 21.974047619047624,
        "y": -2.3625000000000003,
        "z": 2.5905952380952386
      },
      "size": 84,
      "percentage": 26.923076923076923
    }
  ]
}