{
  "scenario": "Person_12_12-C",
  "combo": "Head_Position",
  "total_points": 321,
  "clusters": [
    {
      "label": 0,
      "color": "red",
      "center": {
        "x": -1.1162937062937064,
        "y": -0.7272027972027971,
        "z": 1.9058041958041951
      },
      "size": 143,
      "percentage": 44.54828660436137
    },
    {
      "label": 1,
      "color": "blue",
      "center": {
        "x": 25.311544117647063,
        "y": -2.996617647058822,
        "z": 2.4590441176470583
      },
      "size": 136,
      "percentage": 42.36760124610592
    },
    {
      "label": 2,
      "color": "green",
      "center": {
        "x": 12.106190476190479,
        "y": -0.6116666666666666,
        "z": 2.0914285714285716
      },
      "size": 42,
      "percentage": 13.084112149532709
    }
  ]
}