{
  "scenario": "Person_12_12-A",
  "combo": "Head_Position",
  "total_points": 327,
  "clusters": [
    {
      "label": 0,
      "color": "red",
      "center": {
        "x": -0.470487804878049,
        "y": 0.03211382113821136,
        "z": 1.45390243902439
      },
      "size": 123,
      "percentage": 37.61467889908257
    },
    {
      "label": 1,
      "color": "blue",
      "center": {
        "x": -0.4650000000000001,
        "y": -0.1266666666666667,
        "z": 1.4505555555555554
      },
      "size": 36,
      "percentage": 11.009174311926607
    },
    {
      "label": 2,
      "color": "green",
      "center": {
        "x": -0.41928571428571476,
        "y": -0.05285714285714279,
        "z": 1.457440476190475
      },
      "size": 168,
      "percentage": 51.37614678899083
    }
  ]
}