{
  "scenario": "Person_1_1-A",
  "combo": "Head_Position",
  "total_points": 268,
  "clusters": [
    {
      "label": 0,
      "color": "red",
      "center": {
        "x": 0.19216216216216225,
        "y": 0.033513513513513525,
        "z": 1.1785135135135132
      },
      "size": 74,
      "percentage": 27.611940298507463
    },
    {
      "label": 1,
      "color": "blue",
      "center": {
        "x": 0.3186065573770494,
        "y": -0.03434426229508197,
        "z": 1.1552459016393442
      },
      "size": 122,
      "percentage": 45.52238805970149
    },
    {
      "label": 2,
      "color": "green",
      "center": {
        "x": 0.27847222222222223,
        "y": 0.20180555555555552,
        "z": 1.1765277777777774
      },
      "size": 72,
      "percentage": 26.865671641791046
    }
  ]
}