{
  "scenario": "Person_7_7-B",
  "combo": "Head_Position",
  "total_points": 302,
  "clusters": [
    {
      "label": 0,
      "color": "red",
      "center": {
        "x": 0.059637681159420114,
        "y": -0.5783333333333326,
        "z": 1.450760869565211
      },
      "size": 276,
      "percentage": 91.3907284768212
    },
    {
      "label": 1,
      "color": "blue",
      "center": {
        "x": 0.4083333333333334,
        "y": 0.33416666666666667,
        "z": 0.6349999999999999
      },
      "size": 12,
      "percentage": 3.9735099337748347
    },
    {
      "label": 2,
      "color": "green",
      "center": {
        "x": -0.6478571428571428,
        "y": -0.5557142857142857,
        "z": 1.187857142857143
      },
      "size": 14,
      "percentage": 4.635761589403973
    }
  ]
}