{
  "scenario": "Person_7_7-A",
  "combo": "Head_Position",
  "total_points": 283,
  "clusters": [
    {
      "label": 0,
      "color": "red",
      "center": {
        "x": 0.1065909090909091,
        "y": 0.3059090909090909,
        "z": 1.2781818181818183
      },
      "size": 44,
      "percentage": 15.547703180212014
    },
    {
      "label": 1,
      "color": "blue",
      "center": {
        "x": 0.21344827586206902,
        "y": 0.3210344827586208,
        "z": 1.2794827586206903
      },
      "size": 58,
      "percentage": 20.49469964664311
    },
    {
      "label": 2,
      "color": "green",
      "center": {
        "x": 0.15187845303867428,
        "y": 0.31287292817679546,
        "z": 1.2949171270718245
      },
      "size": 181,
      "percentage": 63.957597173144876
    }
  ]
}