{
  "scenario": "Person_15_15-C",
  "combo": "Head_Position",
  "total_points": 323,
  "clusters": [
    {
      "label": 0,
      "color": "red",
      "center": {
        "x": 0.4094117647058825,
        "y": 4.400980392156861,
        "z": 2.8449019607843153
      },
      "size": 102,
      "percentage": 31.57894736842105
    },
    {
      "label": 1,
      "color": "blue",
      "center": {
        "x": 24.12233333333334,
        "y": -3.0404999999999993,
        "z": 2.7108333333333334
      },
      "size": 120,
      "percentage": 37.15170278637771
    },
    {
      "label": 2,
      "color": "green",
      "center": {
        "x": 9.99089108910891,
        "y": -1.1589108910891093,
        "z": 2.797326732673266
      },
      "size": 101,
      "percentage": 31.269349845201237
    }
  ]
}