{
  "scenario": "Person_5_5-C",
  "combo": "Head_Position",
  "total_points": 297,
  "clusters": [
    {
      "label": 0,
      "color": "red",
      "center": {
        "x": 0.08653409090909094,
        "y": -0.003636363636363642,
        "z": 0.2053409090909092
      },
      "size": 176,
      "percentage": 59.25925925925925
    },
    {
      "label": 1,
      "color": "blue",
      "center": {
        "x": 0.9632978723404252,
        "y": -0.20351063829787233,
        "z": 0.21287234042553202
      },
      "size": 94,
      "percentage": 31.64983164983165
    },
    {
      "label": 2,
      "color": "green",
      "center": {
        "x": 0.10333333333333337,
        "y": 1.4792592592592595,
        "z": 0.21333333333333335
      },
      "size": 27,
      "percentage": 9.090909090909092
    }
  ]
}