{
  "scenario": "Person_2_2-A",
  "combo": "Head_Position",
  "total_points": 280,
  "clusters": [
    {
      "label": 0,
      "color": "red",
      "center": {
        "x": 0.299925925925926,
        "y": 0.23348148148148157,
        "z": 1.3254814814814821
      },
      "size": 135,
      "percentage": 48.214285714285715
    },
    {
      "label": 1,
      "color": "blue",
      "center": {
        "x": 0.15458333333333332,
        "y": 0.10680555555555554,
        "z": 1.2761111111111112
      },
      "size": 72,
      "percentage": 25.71428571428571
    },
    {
      "label": 2,
      "color": "green",
      "center": {
        "x": 0.05575342465753424,
        "y": 0.29698630136986304,
        "z": 1.2958904109589038
      },
      "size": 73,
      "percentage": 26.071428571428573
    }
  ]
}