{
  "scenario": "Person_17_17-A",
  "combo": "Head_Position",
  "total_points": 316,
  "clusters": [
    {
      "label": 0,
      "color": "red",
      "center": {
        "x": 0.04647668393782381,
        "y": -0.06507772020725372,
        "z": 1.357772020725391
      },
      "size": 193,
      "percentage": 61.07594936708861
    },
    {
      "label": 1,
      "color": "blue",
      "center": {
        "x": -0.14555555555555555,
        "y": 1.2422222222222221,
        "z": 0.9466666666666667
      },
      "size": 9,
      "percentage": 2.848101265822785
    },
    {
      "label": 2,
      "color": "green",
      "center": {
        "x": -0.13491228070175446,
        "y": -0.03894736842105259,
        "z": 1.353684210526317
      },
      "size": 114,
      "percentage": 36.075949367088604
    }
  ]
}