{
  "scenario": "Person_2_2-B",
  "combo": "Head_Position",
  "total_points": 290,
  "clusters": [
    {
      "label": 0,
      "color": "red",
      "center": {
        "x": 24.348000000000003,
        "y": -3.1030999999999995,
        "z": 2.5654999999999983
      },
      "size": 100,
      "percentage": 34.48275862068966
    },
    {
      "label": 1,
      "color": "blue",
      "center": {
        "x": 5.4735955056179755,
        "y": 29.504719101123605,
        "z": 1.4288764044943825
      },
      "size": 89,
      "percentage": 30.689655172413794
    },
    {
      "label": 2,
      "color": "green",
      "center": {
        "x": 2.4539603960396033,
        "y": 0.9061386138613858,
        "z": 3.026336633663366
      },
      "size": 101,
      "percentage": 34.82758620689655
    }
  ]
}