{
  "scenario": "Person_9_9-C",
  "combo": "Head_Position",
  "total_points": 223,
  "clusters": [
    {
      "label": 0,
      "color": "red",
      "center": {
        "x": 0.1322314049586776,
        "y": 0.19305785123966934,
        "z": 0.12793388429752062
      },
      "size": 121,
      "percentage": 54.26008968609865
    },
    {
      "label": 1,
      "color": "blue",
      "center": {
        "x": 0.6268085106382979,
        "y": 1.0689361702127667,
        "z": 0.10595744680851067
      },
      "size": 47,
      "percentage": 21.076233183856502
    },
    {
      "label": 2,
      "color": "green",
      "center": {
        "x": 0.21763636363636363,
        "y": 0.00927272727272727,
        "z": 0.1105454545454546
      },
      "size": 55,
      "percentage": 24.663677130044842
    }
  ]
}