{
  "scenario": "Person_9_9-A",
  "combo": "Head_Position",
  "total_points": 134,
  "clusters": [
    {
      "label": 0,
      "color": "red",
      "center": {
        "x": -0.26084210526315793,
        "y": -0.6364210526315794,
        "z": 1.3857894736842098
      },
      "size": 95,
      "percentage": 70.8955223880597
    },
    {
      "label": 1,
      "color": "blue",
      "center": {
        "x": -0.14,
        "y": -1.1066666666666667,
        "z": 1.3499999999999999
      },
      "size": 3,
      "percentage": 2.2388059701492535
    },
    {
      "label": 2,
      "color": "green",
      "center": {
        "x": -0.27916666666666645,
        "y": -0.6061111111111112,
        "z": 1.3313888888888892
      },
      "size": 36,
      "percentage": 26.865671641791046
    }
  ]
}