{
  "scenario": "Person_3_3-C",
  "combo": "Head_Position",
  "total_points": 301,
  "clusters": [
    {
      "label": 0,
      "color": "red",
      "center": {
        "x": -0.3525806451612904,
        "y": 9.841895161290314,
        "z": 0.3426209677419358
      },
      "size": 248,
      "percentage": 82.39202657807309
    },
    {
      "label": 1,
      "color": "blue",
      "center": {
        "x": -0.6188095238095235,
        "y": -0.10142857142857145,
        "z": 1.1733333333333331
      },
      "size": 42,
      "percentage": 13.953488372093023
    },
    {
      "label": 2,
      "color": "green",
      "center": {
        "x": 0.91,
        "y": 2.421818181818182,
        "z": 0.4636363636363637
      },
      "size": 11,
      "percentage": 3.6544850498338874
    }
  ]
}