{
  "scenario": "Person_13_13-C",
  "combo": "Head_Position",
  "total_points": 290,
  "clusters": [
    {
      "label": 0,
      "color": "red",
      "center": {
        "x": 22.813823529411764,
        "y": -3.2435294117647073,
        "z": 2.5442647058823518
      },
      "size": 68,
      "percentage": 23.448275862068964
    },
    {
      "label": 1,
      "color": "blue",
      "center": {
        "x": 8.728606557377047,
        "y": 31.195,
        "z": 4.0494262295082
      },
      "size": 122,
      "percentage": 42.06896551724138
    },
    {
      "label": 2,
      "color": "green",
      "center": {
        "x": 1.7259000000000002,
        "y": 3.930199999999999,
        "z": 2.0332999999999997
      },
      "size": 100,
      "percentage": 34.48275862068966
    }
  ]
}