{
  "scenario": "Person_19_19-C",
  "combo": "Head_Position",
  "total_points": 310,
  "clusters": [
    {
      "label": 0,
      "color": "red",
      "center": {
        "x": 22.85609195402299,
        "y": -2.0806896551724128,
        "z": 2.805632183908045
      },
      "size": 87,
      "percentage": 28.064516129032256
    },
    {
      "label": 1,
      "color": "blue",
      "center": {
        "x": -0.2771212121212123,
        "y": 33.53348484848485,
        "z": 4.496515151515153
      },
      "size": 66,
      "percentage": 21.29032258064516
    },
    {
      "label": 2,
      "color": "green",
      "center": {
        "x": 1.4997452229299364,
        "y": 4.435732484076435,
        "z": 1.6753503184713374
      },
      "size": 157,
      "percentage": 50.645161290322584
    }
  ]
}