{
  "scenario": "Person_14_14-C",
  "combo": "Head_Position",
  "total_points": 321,
  "clusters": [
    {
      "label": 0,
      "color": "red",
      "center": {
        "x": 19.03359550561798,
        "y": -2.188426966292135,
        "z": 2.694157303370785
      },
      "size": 89,
      "percentage": 27.725856697819314
    },
    {
      "label": 1,
      "color": "blue",
      "center": {
        "x": 8.675581395348836,
        "y": 31.548217054263585,
        "z": 1.2992248062015506
      },
      "size": 129,
      "percentage": 40.18691588785047
    },
    {
      "label": 2,
      "color": "green",
      "center": {
        "x": 2.020970873786408,
        "y": 3.799611650485437,
        "z": 2.3420388349514547
      },
      "size": 103,
      "percentage": 32.087227414330215
    }
  ]
}