{
  "scenario": "Person_11_11-A",
  "combo": "Head_Position",
  "total_points": 305,
  "clusters": [
    {
      "label": 0,
      "color": "red",
      "center": {
        "x": 0.3372935779816516,
        "y": 0.44522935779816497,
        "z": 1.446330275229357
      },
      "size": 218,
      "percentage": 71.47540983606558
    },
    {
      "label": 1,
      "color": "blue",
      "center": {
        "x": 0.25631578947368416,
        "y": 0.3308771929824562,
        "z": 1.4205263157894743
      },
      "size": 57,
      "percentage": 18.688524590163937
    },
    {
      "label": 2,
      "color": "green",
      "center": {
        "x": 0.428,
        "y": 0.361,
        "z": 1.4526666666666668
      },
      "size": 30,
      "percentage": 9.836065573770492
    }
  ]
}