{
  "scenario": "Person_12_12-B",
  "combo": "Head_Position",
  "total_points": 342,
  "clusters": [
    {
      "label": 0,
      "color": "red",
      "center": {
        "x": 24.866363636363626,
        "y": -3.2968181818181828,
        "z": 1.7538181818181822
      },
      "size": 110,
      "percentage": 32.16374269005848
    },
    {
      "label": 1,
      "color": "blue",
      "center": {
        "x": 9.737234042553194,
        "y": 30.747340425531913,
        "z": 1.2798936170212767
      },
      "size": 94,
      "percentage": 27.485380116959064
    },
    {
      "label": 2,
      "color": "green",
      "center": {
        "x": 1.368478260869565,
        "y": 2.4336956521739124,
        "z": 1.5401449275362322
      },
      "size": 138,
      "percentage": 40.35087719298245
    }
  ]
}