{
  "scenario": "Person_9_9-B",
  "combo": "Head_Position",
  "total_points": 260,
  "clusters": [
    {
      "label": 0,
      "color": "red",
      "center": {
        "x": 12.960256410256411,
        "y": -1.1176923076923078,
        "z": 1.804615384615385
      },
      "size": 39,
      "percentage": 15.0
    },
    {
      "label": 1,
      "color": "blue",
      "center": {
        "x": 0.39415662650602407,
        "y": 0.09596385542168702,
        "z": 1.510060240963856
      },
      "size": 166,
      "percentage": 63.84615384615384
    },
    {
      "label": 2,
      "color": "green",
      "center": {
        "x": 26.003272727272734,
        "y": -3.4298181818181814,
        "z": 2.991090909090909
      },
      "size": 55,
      "percentage": 21.153846153846153
    }
  ]
}