{
  "scenario": "Person_14_14-B",
  "combo": "Head_Position",
  "total_points": 345,
  "clusters": [
    {
      "label": 0,
      "color": "red",
      "center": {
        "x": -0.0981443298969071,
        "y": 2.694948453608247,
        "z": 2.358247422680412
      },
      "size": 97,
      "percentage": 28.115942028985508
    },
    {
      "label": 1,
      "color": "blue",
      "center": {
        "x": 7.114802259887,
        "y": 29.458022598870055,
        "z": 2.983220338983049
      },
      "size": 177,
      "percentage": 51.30434782608696
    },
    {
      "label": 2,
      "color": "green",
      "center": {
        "x": 19.730422535211265,
        "y": -2.2366197183098584,
        "z": 3.667887323943662
      },
      "size": 71,
      "percentage": 20.579710144927535
    }
  ]
}