{
  "scenario": "Person_3_3-A",
  "combo": "Head_Position",
  "total_points": 298,
  "clusters": [
    {
      "label": 0,
      "color": "red",
      "center": {
        "x": 0.6137719298245613,
        "y": 0.08763157894736841,
        "z": 1.2125438596491225
      },
      "size": 114,
      "percentage": 38.25503355704698
    },
    {
      "label": 1,
      "color": "blue",
      "center": {
        "x": 0.4608724832214765,
        "y": 0.18510067114093964,
        "z": 1.206040268456376
      },
      "size": 149,
      "percentage": 50.0
    },
    {
      "label": 2,
      "color": "green",
      "center": {
        "x": 0.40771428571428575,
        "y": 0.028285714285714292,
        "z": 1.208857142857143
      },
      "size": 35,
      "percentage": 11.74496644295302
    }
  ]
}