{
  "scenario": "Person_3_3-B",
  "combo": "Head_Position",
  "total_points": 307,
  "clusters": [
    {
      "label": 0,
      "color": "red",
      "center": {
        "x": 3.504907407407408,
        "y": 1.0887037037037035,
        "z": 2.238703703703705
      },
      "size": 108,
      "percentage": 35.17915309446254
    },
    {
      "label": 1,
      "color": "blue",
      "center": {
        "x": 7.165074626865672,
        "y": 30.181194029850737,
        "z": 4.3640298507462685
      },
      "size": 67,
      "percentage": 21.824104234527688
    },
    {
      "label": 2,
      "color": "green",
      "center": {
        "x": 24.88181818181819,
        "y": -2.954621212121213,
        "z": 2.1698484848484836
      },
      "size": 132,
      "percentage": 42.99674267100978
    }
  ]
}