{
  "scenario": "Person_15_15-B",
  "combo": "Head_Position",
  "total_points": 340,
  "clusters": [
    {
      "label": 0,
      "color": "red",
      "center": {
        "x": 5.286949152542376,
        "y": 29.776016949152528,
        "z": 2.0986440677966116
      },
      "size": 118,
      "percentage": 34.705882352941174
    },
    {
      "label": 1,
      "color": "blue",
      "center": {
        "x": 1.9992156862745099,
        "y": 0.7347058823529414,
        "z": 2.3445098039215693
      },
      "size": 102,
      "percentage": 30.0
    },
    {
      "label": 2,
      "color": "green",
      "center": {
        "x": 22.673000000000005,
        "y": -2.8940833333333327,
        "z": 2.18925
      },
      "size": 120,
      "percentage": 35.294117647058826
    }
  ]
}