{
  "scenario": "Person_1_1-C",
  "combo": "Head_Position",
  "total_points": 296,
  "clusters": [
    {
      "label": 0,
      "color": "red",
      "center": {
        "x": -1.8066341463414652,
        "y": 10.26326829268293,
        "z": 0.5878048780487802
      },
      "size": 205,
      "percentage": 69.25675675675676
    },
    {
      "label": 1,
      "color": "blue",
      "center": {
        "x": -0.20171428571428573,
        "y": 0.7717142857142858,
        "z": 0.7297142857142855
      },
      "size": 35,
      "percentage": 11.824324324324325
    },
    {
      "label": 2,
      "color": "green",
      "center": {
        "x": -0.5126785714285713,
        "y": 5.149107142857145,
        "z": 0.3133928571428573
      },
      "size": 56,
      "percentage": 18.91891891891892
    }
  ]
}