{
  "scenario": "Person_16_16-A",
  "combo": "Head_Position",
  "total_points": 343,
  "clusters": [
    {
      "label": 0,
      "color": "red",
      "center": {
        "x": 0.10778461538461508,
        "y": -0.12089230769230769,
        "z": 1.3713846153846192
      },
      "size": 325,
      "percentage": 94.75218658892129
    },
    {
      "label": 1,
      "color": "blue",
      "center": {
        "x": 0.4874999999999998,
        "y": 0.641875,
        "z": 0.84875
      },
      "size": 16,
      "percentage": 4.664723032069971
    },
    {
      "label": 2,
      "color": "green",
      "center": {
        "x": -1.165,
        "y": -0.22999999999999998,
        "z": 1.2
      },
      "size": 2,
      "percentage": 0.5830903790087464
    }
  ]
}