{
  "scenario": "Person_8_8-A",
  "combo": "Head_Position",
  "total_points": 209,
  "clusters": [
    {
      "label": 0,
      "color": "red",
      "center": {
        "x": 0.42459459459459425,
        "y": 0.03236486486486487,
        "z": 1.3733108108108114
      },
      "size": 148,
      "percentage": 70.81339712918661
    },
    {
      "label": 1,
      "color": "blue",
      "center": {
        "x": 0.19863636363636364,
        "y": 0.16295454545454546,
        "z": 1.3775000000000004
      },
      "size": 44,
      "percentage": 21.052631578947366
    },
    {
      "label": 2,
      "color": "green",
      "center": {
        "x": -0.1223529411764706,
        "y": 0.41411764705882353,
        "z": 1.3647058823529417
      },
      "size": 17,
      "percentage": 8.133971291866029
    }
  ]
}