{
  "scenario": "Person_6_6-A",
  "combo": "Head_Position",
  "total_points": 306,
  "clusters": [
    {
      "label": 0,
      "color": "red",
      "center": {
        "x": -0.7048214285714286,
        "y": 0.13196428571428573,
        "z": 1.5932142857142864
      },
      "size": 56,
      "percentage": 18.30065359477124
    },
    {
      "label": 1,
      "color": "blue",
      "center": {
        "x": 0.2402366863905324,
        "y": 0.2120118343195266,
        "z": 1.6289940828402367
      },
      "size": 169,
      "percentage": 55.22875816993464
    },
    {
      "label": 2,
      "color": "green",
      "center": {
        "x": 0.15049382716049392,
        "y": 0.09061728395061729,
        "z": 1.6264197530864206
      },
      "size": 81,
      "percentage": 26.47058823529412
    }
  ]
}