{
  "scenario": "Person_14_14-A",
  "combo": "Head_Position",
  "total_points": 309,
  "clusters": [
    {
      "label": 0,
      "color": "red",
      "center": {
        "x": 0.01804733727810653,
        "y": -0.2130177514792899,
        "z": 1.3650295857988148
      },
      "size": 169,
      "percentage": 54.69255663430421
    },
    {
      "label": 1,
      "color": "blue",
      "center": {
        "x": 2.085,
        "y": -0.575,
        "z": 0.85
      },
      "size": 2,
      "percentage": 0.6472491909385114
    },
    {
      "label": 2,
      "color": "green",
      "center": {
        "x": -0.08369565217391307,
        "y": -0.12050724637681166,
        "z": 1.3607971014492755
      },
      "size": 138,
      "percentage": 44.66019417475729
    }
  ]
}