{
  "scenario": "Person_11_11-C",
  "combo": "Head_Position",
  "total_points": 290,
  "clusters": [
    {
      "label": 0,
      "color": "red",
      "center": {
        "x": 14.740547945205485,
        "y": -1.075890410958904,
        "z": 1.535342465753425
      },
      "size": 73,
      "percentage": 25.17241379310345
    },
    {
      "label": 1,
      "color": "blue",
      "center": {
        "x": 24.26134453781511,
        "y": -3.51781512605042,
        "z": 1.7530252100840333
      },
      "size": 119,
      "percentage": 41.03448275862069
    },
    {
      "label": 2,
      "color": "green",
      "center": {
        "x": 0.08744897959183688,
        "y": 5.600408163265307,
        "z": 0.5036734693877555
      },
      "size": 98,
      "percentage": 33.793103448275865
    }
  ]
}