{
  "scenario": "Person_10_10-B",
  "combo": "Head_Position",
  "total_points": 238,
  "clusters": [
    {
      "label": 0,
      "color": "red",
      "center": {
        "x": -0.11367346938775504,
        "y": 31.14418367346939,
        "z": 4.53561224489796
      },
      "size": 98,
      "percentage": 41.17647058823529
    },
    {
      "label": 1,
      "color": "blue",
      "center": {
        "x": 0.4687368421052631,
        "y": 1.4560000000000002,
        "z": 2.5300000000000007
      },
      "size": 95,
      "percentage": 39.91596638655462
    },
    {
      "label": 2,
      "color": "green",
      "center": {
        "x": 24.360222222222223,
        "y": -2.9453333333333336,
        "z": 2.5308888888888887
      },
      "size": 45,
      "percentage": 18.907563025210084
    }
  ]
}