{
  "scenario": "Person_9_9-B",
  "combo": "Head_Position",
  "total_points": 260,
  "clusters": [
    {
      "label": 0,
      "color": "red",
      "center": {
        "x": 0.5074556213017751,
        "y": 0.07124260355029609,
        "z": 1.5155621301775155
      },
      "size": 169,
      "percentage": 65.0
    },
    {
      "label": 1,
      "color": "blue",
      "center": {
        "x": 26.003272727272734,
        "y": -3.4298181818181814,
        "z": 2.991090909090909
      },
      "size": 55,
      "percentage": 21.153846153846153
    },
    {
      "label": 2,
      "color": "green",
      "center": {
        "x": 13.475555555555557,
        "y": -1.1027777777777779,
        "z": 1.8033333333333337
      },
      "size": 36,
      "percentage": 13.846153846153847
    }
  ]
}