{
  "scenario": "Person_7_7-C",
  "combo": "Head_Position",
  "total_points": 297,
  "clusters": [
    {
      "label": 0,
      "color": "red",
      "center": {
        "x": 20.396213592233018,
        "y": -1.2405825242718447,
        "z": 0.41650485436893225
      },
      "size": 103,
      "percentage": 34.68013468013468
    },
    {
      "label": 1,
      "color": "blue",
      "center": {
        "x": 2.3600925925925926,
        "y": 0.22583333333333333,
        "z": 0.48277777777777764
      },
      "size": 108,
      "percentage": 36.36363636363637
    },
    {
      "label": 2,
      "color": "green",
      "center": {
        "x": 11.77325581395349,
        "y": -0.699418604651163,
        "z": 0.4461627906976746
      },
      "size": 86,
      "percentage": 28.95622895622896
    }
  ]
}