{
  "scenario": "Person_7_7-A",
  "combo": "Head_Position",
  "total_points": 283,
  "clusters": [
    {
      "label": 0,
      "color": "red",
      "center": {
        "x": 0.21385964912280703,
        "y": 0.32157894736842113,
        "z": 1.2791228070175444
      },
      "size": 57,
      "percentage": 20.141342756183743
    },
    {
      "label": 1,
      "color": "blue",
      "center": {
        "x": 0.1538461538461541,
        "y": 0.31266272189349104,
        "z": 1.2952071005917176
      },
      "size": 169,
      "percentage": 59.717314487632514
    },
    {
      "label": 2,
      "color": "green",
      "center": {
        "x": 0.11175438596491227,
        "y": 0.30771929824561395,
        "z": 1.2812280701754393
      },
      "size": 57,
      "percentage": 20.141342756183743
    }
  ]
}