{
  "scenario": "Person_4_4-C",
  "combo": "Head_Position",
  "total_points": 267,
  "clusters": [
    {
      "label": 0,
      "color": "red",
      "center": {
        "x": 0.010448717948717897,
        "y": 9.550256410256402,
        "z": 0.5481410256410258
      },
      "size": 156,
      "percentage": 58.42696629213483
    },
    {
      "label": 1,
      "color": "blue",
      "center": {
        "x": 0.034634146341463425,
        "y": 0.46414634146341466,
        "z": 0.895609756097561
      },
      "size": 41,
      "percentage": 15.355805243445692
    },
    {
      "label": 2,
      "color": "green",
      "center": {
        "x": 0.2685714285714285,
        "y": 6.652,
        "z": 0.5402857142857141
      },
      "size": 70,
      "percentage": 26.217228464419474
    }
  ]
}