{
  "scenario": "Person_17_17-C",
  "combo": "Head_Position",
  "total_points": 298,
  "clusters": [
    {
      "label": 0,
      "color": "red",
      "center": {
        "x": -0.16930693069306918,
        "y": 30.539207920792098,
        "z": 2.2736633663366357
      },
      "size": 101,
      "percentage": 33.89261744966443
    },
    {
      "label": 1,
      "color": "blue",
      "center": {
        "x": 21.040206185567005,
        "y": -2.0380412371134025,
        "z": 2.568453608247422
      },
      "size": 97,
      "percentage": 32.5503355704698
    },
    {
      "label": 2,
      "color": "green",
      "center": {
        "x": 1.9598999999999998,
        "y": 3.0226000000000015,
        "z": 2.5117999999999996
      },
      "size": 100,
      "percentage": 33.557046979865774
    }
  ]
}