{
  "scenario": "Person_8_8-B",
  "combo": "Head_Position",
  "total_points": 301,
  "clusters": [
    {
      "label": 0,
      "color": "red",
      "center": {
        "x": 1.123658536585366,
        "y": 0.6765853658536582,
        "z": 1.2858536585365843
      },
      "size": 123,
      "percentage": 40.863787375415285
    },
    {
      "label": 1,
      "color": "blue",
      "center": {
        "x": 3.854561403508773,
        "y": 31.654210526315794,
        "z": 2.4677192982456133
      },
      "size": 114,
      "percentage": 37.87375415282392
    },
    {
      "label": 2,
      "color": "green",
      "center": {
        "x": 23.116093750000005,
        "y": -2.7984375000000004,
        "z": 1.3418749999999997
      },
      "size": 64,
      "percentage": 21.262458471760798
    }
  ]
}