{
  "scenario": "Person_10_10-C",
  "combo": "Head_Position",
  "total_points": 184,
  "clusters": [
    {
      "label": 0,
      "color": "red",
      "center": {
        "x": 0.1593846153846155,
        "y": 5.085538461538463,
        "z": 0.5343076923076925
      },
      "size": 65,
      "percentage": 35.32608695652174
    },
    {
      "label": 1,
      "color": "blue",
      "center": {
        "x": -0.3443396226415095,
        "y": 7.658113207547169,
        "z": 0.4850943396226413
      },
      "size": 53,
      "percentage": 28.804347826086957
    },
    {
      "label": 2,
      "color": "green",
      "center": {
        "x": 1.1051515151515152,
        "y": -0.29030303030303034,
        "z": 0.48545454545454514
      },
      "size": 66,
      "percentage": 35.869565217391305
    }
  ]
}