{
  "scenario": "Person_16_16-B",
  "combo": "Head_Position",
  "total_points": 336,
  "clusters": [
    {
      "label": 0,
      "color": "red",
      "center": {
        "x": 1.2139344262295086,
        "y": 0.8259836065573773,
        "z": 3.0723770491803286
      },
      "size": 122,
      "percentage": 36.30952380952381
    },
    {
      "label": 1,
      "color": "blue",
      "center": {
        "x": 1.407438016528925,
        "y": 31.689669421487626,
        "z": 2.477024793388429
      },
      "size": 121,
      "percentage": 36.01190476190476
    },
    {
      "label": 2,
      "color": "green",
      "center": {
        "x": 24.155268817204313,
        "y": -3.079247311827957,
        "z": 2.701290322580644
      },
      "size": 93,
      "percentage": 27.67857142857143
    }
  ]
}