{
  "scenario": "Person_6_6-B",
  "combo": "Head_Position",
  "total_points": 287,
  "clusters": [
    {
      "label": 0,
      "color": "red",
      "center": {
        "x": 6.916460176991153,
        "y": 31.82371681415927,
        "z": 2.5155752212389393
      },
      "size": 113,
      "percentage": 39.37282229965157
    },
    {
      "label": 1,
      "color": "blue",
      "center": {
        "x": 23.422191780821915,
        "y": -2.2082191780821923,
        "z": 3.7443835616438355
      },
      "size": 73,
      "percentage": 25.435540069686414
    },
    {
      "label": 2,
      "color": "green",
      "center": {
        "x": 0.47910891089108876,
        "y": 2.1855445544554453,
        "z": 3.6298019801980184
      },
      "size": 101,
      "percentage": 35.19163763066202
    }
  ]
}