{
  "scenario": "Person_3_3-B",
  "combo": "Head_Position",
  "total_points": 307,
  "clusters": [
    {
      "label": 0,
      "color": "red",
      "center": {
        "x": 3.406074766355141,
        "y": 1.110467289719626,
        "z": 2.2193457943925248
      },
      "size": 107,
      "percentage": 34.85342019543974
    },
    {
      "label": 1,
      "color": "blue",
      "center": {
        "x": 24.800601503759406,
        "y": -2.9417293233082713,
        "z": 2.185939849624059
      },
      "size": 133,
      "percentage": 43.32247557003257
    },
    {
      "label": 2,
      "color": "green",
      "center": {
        "x": 7.165074626865672,
        "y": 30.181194029850737,
        "z": 4.3640298507462685
      },
      "size": 67,
      "percentage": 21.824104234527688
    }
  ]
}