{
  "scenario": "Person_4_4-A",
  "combo": "Head_Position",
  "total_points": 336,
  "clusters": [
    {
      "label": 0,
      "color": "red",
      "center": {
        "x": 0.050344827586206814,
        "y": -0.08852664576802505,
        "z": 1.3604075235109756
      },
      "size": 319,
      "percentage": 94.94047619047619
    },
    {
      "label": 1,
      "color": "blue",
      "center": {
        "x": -1.2027272727272729,
        "y": 0.600909090909091,
        "z": 1.2881818181818183
      },
      "size": 11,
      "percentage": 3.273809523809524
    },
    {
      "label": 2,
      "color": "green",
      "center": {
        "x": -0.3983333333333334,
        "y": -0.505,
        "z": 1.34
      },
      "size": 6,
      "percentage": 1.7857142857142856
    }
  ]
}