{
  "scenario": "Person_14_14-C",
  "combo": "Head_Position",
  "total_points": 321,
  "clusters": [
    {
      "label": 0,
      "color": "red",
      "center": {
        "x": 22.13769230769231,
        "y": -2.6830769230769236,
        "z": 2.248769230769231
      },
      "size": 65,
      "percentage": 20.24922118380062
    },
    {
      "label": 1,
      "color": "blue",
      "center": {
        "x": 8.60253846153846,
        "y": 31.450923076923097,
        "z": 1.3239230769230772
      },
      "size": 130,
      "percentage": 40.49844236760124
    },
    {
      "label": 2,
      "color": "green",
      "center": {
        "x": 3.682698412698414,
        "y": 2.79436507936508,
        "z": 2.621666666666666
      },
      "size": 126,
      "percentage": 39.25233644859813
    }
  ]
}