{
  "scenario": "Person_5_5-B",
  "combo": "Head_Position",
  "total_points": 312,
  "clusters": [
    {
      "label": 0,
      "color": "red",
      "center": {
        "x": 23.001315789473672,
        "y": -2.5173684210526317,
        "z": 1.9177192982456126
      },
      "size": 114,
      "percentage": 36.53846153846153
    },
    {
      "label": 1,
      "color": "blue",
      "center": {
        "x": 3.3687058823529403,
        "y": 31.370235294117645,
        "z": 2.2202352941176464
      },
      "size": 85,
      "percentage": 27.24358974358974
    },
    {
      "label": 2,
      "color": "green",
      "center": {
        "x": 2.0630973451327432,
        "y": 1.3665486725663722,
        "z": 1.7710619469026534
      },
      "size": 113,
      "percentage": 36.217948717948715
    }
  ]
}