{
  "scenario": "Person_17_17-B",
  "combo": "Head_Position",
  "total_points": 309,
  "clusters": [
    {
      "label": 0,
      "color": "red",
      "center": {
        "x": 23.061923076923076,
        "y": -3.557211538461538,
        "z": 2.3956730769230754
      },
      "size": 104,
      "percentage": 33.65695792880259
    },
    {
      "label": 1,
      "color": "blue",
      "center": {
        "x": 4.489159663865544,
        "y": 31.294621848739492,
        "z": 2.0973949579831936
      },
      "size": 119,
      "percentage": 38.51132686084142
    },
    {
      "label": 2,
      "color": "green",
      "center": {
        "x": 1.8329069767441866,
        "y": 2.3443023255813946,
        "z": 2.079999999999999
      },
      "size": 86,
      "percentage": 27.831715210355988
    }
  ]
}