{
  "scenario": "Person_12_12-C",
  "combo": "Head_Position",
  "total_points": 321,
  "clusters": [
    {
      "label": 0,
      "color": "red",
      "center": {
        "x": 11.940243902439025,
        "y": -0.6041463414634145,
        "z": 2.130487804878049
      },
      "size": 41,
      "percentage": 12.77258566978193
    },
    {
      "label": 1,
      "color": "blue",
      "center": {
        "x": -1.1162937062937064,
        "y": -0.7272027972027971,
        "z": 1.9058041958041951
      },
      "size": 143,
      "percentage": 44.54828660436137
    },
    {
      "label": 2,
      "color": "green",
      "center": {
        "x": 25.26481751824818,
        "y": -2.9814598540145973,
        "z": 2.4446715328467152
      },
      "size": 137,
      "percentage": 42.679127725856695
    }
  ]
}