{
  "scenario": "Person_6_6-C",
  "combo": "Head_Position",
  "total_points": 279,
  "clusters": [
    {
      "label": 0,
      "color": "red",
      "center": {
        "x": 24.75,
        "y": -2.277954545454545,
        "z": 0.22090909090909092
      },
      "size": 88,
      "percentage": 31.54121863799283
    },
    {
      "label": 1,
      "color": "blue",
      "center": {
        "x": 12.412400000000002,
        "y": -0.9336,
        "z": 0.2669999999999999
      },
      "size": 50,
      "percentage": 17.921146953405017
    },
    {
      "label": 2,
      "color": "green",
      "center": {
        "x": 1.5621985815602846,
        "y": 0.9462411347517724,
        "z": 0.30765957446808506
      },
      "size": 141,
      "percentage": 50.53763440860215
    }
  ]
}