{
  "scenario": "Person_4_4-B",
  "combo": "Head_Position",
  "total_points": 282,
  "clusters": [
    {
      "label": 0,
      "color": "red",
      "center": {
        "x": 5.494823529411764,
        "y": 28.177882352941158,
        "z": 1.6451764705882352
      },
      "size": 85,
      "percentage": 30.141843971631204
    },
    {
      "label": 1,
      "color": "blue",
      "center": {
        "x": 1.9740259740259736,
        "y": 2.304025974025974,
        "z": 2.2788311688311698
      },
      "size": 77,
      "percentage": 27.30496453900709
    },
    {
      "label": 2,
      "color": "green",
      "center": {
        "x": 21.179916666666678,
        "y": -2.767749999999999,
        "z": 2.7661666666666656
      },
      "size": 120,
      "percentage": 42.5531914893617
    }
  ]
}