{
  "scenario": "Person_15_15-C",
  "combo": "Head_Position",
  "total_points": 323,
  "clusters": [
    {
      "label": 0,
      "color": "red",
      "center": {
        "x": 24.064628099173557,
        "y": -3.0206611570247923,
        "z": 2.6918181818181823
      },
      "size": 121,
      "percentage": 37.461300309597526
    },
    {
      "label": 1,
      "color": "blue",
      "center": {
        "x": 9.859009900990097,
        "y": -1.157821782178218,
        "z": 2.7982178217821767
      },
      "size": 101,
      "percentage": 31.269349845201237
    },
    {
      "label": 2,
      "color": "green",
      "center": {
        "x": 0.3756435643564359,
        "y": 4.449801980198019,
        "z": 2.86811881188119
      },
      "size": 101,
      "percentage": 31.269349845201237
    }
  ]
}