{
  "scenario": "Person_1_1-B",
  "combo": "Head_Position",
  "total_points": 289,
  "clusters": [
    {
      "label": 0,
      "color": "red",
      "center": {
        "x": 23.783404255319148,
        "y": -2.6600000000000006,
        "z": 2.3767021276595743
      },
      "size": 94,
      "percentage": 32.52595155709342
    },
    {
      "label": 1,
      "color": "blue",
      "center": {
        "x": 3.5122535211267607,
        "y": 31.36464788732394,
        "z": 2.556619718309859
      },
      "size": 71,
      "percentage": 24.567474048442904
    },
    {
      "label": 2,
      "color": "green",
      "center": {
        "x": 2.023467741935484,
        "y": 1.263951612903226,
        "z": 2.0824193548387107
      },
      "size": 124,
      "percentage": 42.90657439446367
    }
  ]
}