{
  "scenario": "Person_18_18-B",
  "combo": "Head_Position",
  "total_points": 363,
  "clusters": [
    {
      "label": 0,
      "color": "red",
      "center": {
        "x": 24.6027,
        "y": -2.2628,
        "z": 2.293699999999999
      },
      "size": 100,
      "percentage": 27.548209366391184
    },
    {
      "label": 1,
      "color": "blue",
      "center": {
        "x": 2.584444444444442,
        "y": 30.52022222222222,
        "z": 2.632666666666666
      },
      "size": 135,
      "percentage": 37.1900826446281
    },
    {
      "label": 2,
      "color": "green",
      "center": {
        "x": 1.2850781249999994,
        "y": 1.2940624999999997,
        "z": 2.914921875000002
      },
      "size": 128,
      "percentage": 35.26170798898072
    }
  ]
}