{
  "scenario": "Person_11_11-B",
  "combo": "Head_Position",
  "total_points": 324,
  "clusters": [
    {
      "label": 0,
      "color": "red",
      "center": {
        "x": 1.7983653846153835,
        "y": 29.810288461538452,
        "z": 2.401442307692307
      },
      "size": 104,
      "percentage": 32.098765432098766
    },
    {
      "label": 1,
      "color": "blue",
      "center": {
        "x": 1.5690740740740747,
        "y": 1.296111111111111,
        "z": 2.4402777777777795
      },
      "size": 108,
      "percentage": 33.33333333333333
    },
    {
      "label": 2,
      "color": "green",
      "center": {
        "x": 22.99571428571429,
        "y": -2.890982142857144,
        "z": 2.2383035714285713
      },
      "size": 112,
      "percentage": 34.5679012345679
    }
  ]
}