{
  "scenario": "Person_2_2-C",
  "combo": "Head_Position",
  "total_points": 284,
  "clusters": [
    {
      "label": 0,
      "color": "red",
      "center": {
        "x": 1.555964912280702,
        "y": 1.619736842105263,
        "z": 2.503771929824561
      },
      "size": 114,
      "percentage": 40.140845070422536
    },
    {
      "label": 1,
      "color": "blue",
      "center": {
        "x": 24.911772151898735,
        "y": -3.760632911392406,
        "z": 2.1832911392405063
      },
      "size": 79,
      "percentage": 27.816901408450708
    },
    {
      "label": 2,
      "color": "green",
      "center": {
        "x": 13.19428571428572,
        "y": -1.2301098901098901,
        "z": 2.3116483516483517
      },
      "size": 91,
      "percentage": 32.04225352112676
    }
  ]
}