{
  "scenario": "Person_19_19-B",
  "combo": "Head_Position",
  "total_points": 315,
  "clusters": [
    {
      "label": 0,
      "color": "red",
      "center": {
        "x": 8.105600000000003,
        "y": 31.143120000000017,
        "z": 2.5448799999999996
      },
      "size": 125,
      "percentage": 39.682539682539684
    },
    {
      "label": 1,
      "color": "blue",
      "center": {
        "x": 1.2368932038834952,
        "y": 1.7018446601941752,
        "z": 2.550097087378641
      },
      "size": 103,
      "percentage": 32.698412698412696
    },
    {
      "label": 2,
      "color": "green",
      "center": {
        "x": 23.52747126436782,
        "y": -3.077471264367816,
        "z": 2.2287356321839082
      },
      "size": 87,
      "percentage": 27.61904761904762
    }
  ]
}